{"fields": [{"field": 0, "type": 8, "size": 1, "flags": 7, "name": "flags", "scale": 0, "unit": "", "min": 0, "max": 4294967295}, {"field": 1, "type": 9, "size": 1, "flags": 7, "name": "time", "scale": 0, "unit": "", "min": 0, "max": 18446744073709551615}, {"field": 2, "type": 8, "size": 1, "flags": 7, "name": "uptime", "scale": 0, "unit": "", "min": 0, "max": 4294967295}, {"field": 3, "type": 3, "size": 1, "flags": 7, "name": "roll", "scale": 0, "unit": "", "min": -32768, "max": 32767}, {"field": 4, "type": 3, "size": 1, "flags": 7, "name": "pitch", "scale": 0, "unit": "", "min": -32768, "max": 32767}, {"field": 5, "type": 3, "size": 1, "flags": 7, "name": "yaw", "scale": 0, "unit": "", "min": -32768, "max": 32767}, {"field": 6, "type": 4, "size": 1, "flags": 7, "name": "altitude", "scale": 0, "unit": "", "min": -2147483648, "max": 2147483647}, {"field": 7, "type": 3, "size": 1, "flags": 7, "name": "airspeed", "scale": 0, "unit": "", "min": -32768, "max": 32767}, {"field": 8, "type": 8, "size": 1, "flags": 7, "name": "distance", "scale": 0, "unit": "", "min": 0, "max": 4294967295}, {"field": 9, "type": 6, "size": 1, "flags": 7, "name": "gnss", "scale": 0, "unit": "", "min": 0, "max": 255}, {"field": 10, "type": 6, "size": 1, "flags": 7, "name": "mode", "scale": 0, "unit": "", "min": 0, "max": 255}, {"field": 11, "type": 3, "size": 1, "flags": 7, "name": "aileron", "scale": 0, "unit": "", "min": -32768, "max": 32767}, {"field": 12, "type": 3, "size": 1, "flags": 7, "name": "elevator", "scale": 0, "unit": "", "min": -32768, "max": 32767}, {"field": 13, "type": 3, "size": 1, "flags": 7, "name": "rudder", "scale": 0, "unit": "", "min": -32768, "max": 32767}, {"field": 14, "type": 7, "size": 1, "flags": 7, "name": "throttle", "scale": 0, "unit": "", "min": 0, "max": 65535}, {"field": 15, "type": 7, "size": 1, "flags": 7, "name": "launches", "scale": 0, "unit": "", "min": 0, "max": 65535}, {"field": 16, "type": 3, "size": 1, "flags": 7, "name": "climbspeed", "scale": 0, "unit": "", "min": -32768, "max": 32767}, {"field": 17, "type": 8, "size": 1, "flags": 7, "name": "operator", "scale": 0, "unit": "", "min": 0, "max": 4294967295}, {"field": 18, "type": 8, "size": 1, "flags": 7, "name": "number", "scale": 0, "unit": "", "min": 0, "max": 4294967295}, {"field": 19, "type": 7, "size": 1, "flags": 7, "name": "bootCount", "scale": 0, "unit": "", "min": 0, "max": 65535}, {"field": 20, "type": 9, "size": 1, "flags": 7, "name": "serialNumber", "scale": 0, "unit": "", "min": 0, "max": 18446744073709551615}, {"field": 21, "type": 8, "size": 1, "flags": 7, "name": "eraseCommand", "scale": 0, "unit": "", "min": 0, "max": 4294967295}, {"field": 22, "type": 8, "size": 1, "flags": 7, "name": "allocatedMemory", "scale": 0, "unit": "", "min": 0, "max": 4294967295}, {"field": 23, "type": 8, "size": 1, "flags": 7, "name": "freeMemory", "scale": 0, "unit": "", "min": 0, "max": 4294967295}], "files": [{"file": 2, "status": 3}, {"file": 3, "status": 3}]}