{"fields": [{"field": 0, "type": 6, "size": 1, "flags": 7, "name": "mode", "scale": 0, "unit": "", "min": 0, "max": 255}, {"field": 1, "type": 7, "size": 1, "flags": 7, "name": "interval", "scale": 0, "unit": "", "min": 0, "max": 65535}, {"field": 2, "type": 4, "size": 1, "flags": 7, "name": "altitude", "scale": 0, "unit": "", "min": -2147483648, "max": 2147483647}, {"field": 3, "type": 3, "size": 1, "flags": 7, "name": "speed", "scale": 0, "unit": "", "min": -32768, "max": 32767}, {"field": 4, "type": 3, "size": 1, "flags": 7, "name": "heading", "scale": 0, "unit": "", "min": -32768, "max": 32767}, {"field": 5, "type": 3, "size": 1, "flags": 7, "name": "roll", "scale": 0, "unit": "", "min": -32768, "max": 32767}, {"field": 6, "type": 3, "size": 1, "flags": 7, "name": "northSpeed", "scale": 0, "unit": "", "min": -32768, "max": 32767}, {"field": 7, "type": 3, "size": 1, "flags": 7, "name": "eastSpeed", "scale": 0, "unit": "", "min": -32768, "max": 32767}, {"field": 8, "type": 3, "size": 1, "flags": 7, "name": "downSpeed", "scale": 0, "unit": "", "min": -32768, "max": 32767}, {"field": 9, "type": 3, "size": 1, "flags": 7, "name": "yawSpeed", "scale": 0, "unit": "", "min": -32768, "max": 32767}, {"field": 10, "type": 3, "size": 1, "flags": 7, "name": "pitch", "scale": 0, "unit": "", "min": -32768, "max": 32767}, {"field": 11, "type": 0, "size": 1, "flags": 7, "name": "gliding", "scale": 0, "unit": "", "min": false, "max": true}, {"field": 12, "type": 3, "size": 1, "flags": 7, "name": "rcAileron", "scale": 0, "unit": "", "min": -32768, "max": 32767}, {"field": 13, "type": 3, "size": 1, "flags": 7, "name": "rcElevator", "scale": 0, "unit": "", "min": -32768, "max": 32767}, {"field": 14, "type": 3, "size": 1, "flags": 7, "name": "rcRudder", "scale": 0, "unit": "", "min": -32768, "max": 32767}, {"field": 15, "type": 7, "size": 1, "flags": 7, "name": "rcThrottle", "scale": 0, "unit": "", "min": 0, "max": 65535}, {"field": 16, "type": 6, "size": 1, "flags": 7, "name": "rcMode", "scale": 0, "unit": "", "min": 0, "max": 255}, {"field": 17, "type": 6, "size": 1, "flags": 7, "name": "rcParachute", "scale": 0, "unit": "", "min": 0, "max": 255}], "files": []}