{"fields": [{"field": 0, "type": 7, "size": 1, "flags": 7, "name": "maxCommands", "scale": 0, "unit": "", "min": 0, "max": 65535}, {"field": 1, "type": 7, "size": 1, "flags": 7, "name": "maxIndices", "scale": 0, "unit": "", "min": 0, "max": 65535}, {"field": 2, "type": 7, "size": 1, "flags": 7, "name": "maxPoints", "scale": 0, "unit": "", "min": 0, "max": 65535}, {"field": 3, "type": 7, "size": 1, "flags": 7, "name": "missionPoint", "scale": 0, "unit": "", "min": 0, "max": 65535}, {"field": 4, "type": 8, "size": 1, "flags": 7, "name": "missionTime", "scale": 0, "unit": "", "min": 0, "max": 4294967295}, {"field": 5, "type": 7, "size": 1, "flags": 7, "name": "onMissionHalted", "scale": 0, "unit": "", "min": 0, "max": 65535}, {"field": 6, "type": 7, "size": 1, "flags": 7, "name": "onTakeoffEnded", "scale": 0, "unit": "", "min": 0, "max": 65535}, {"field": 7, "type": 7, "size": 1, "flags": 7, "name": "onLandingStarted", "scale": 0, "unit": "", "min": 0, "max": 65535}, {"field": 8, "type": 7, "size": 1, "flags": 7, "name": "commandCount", "scale": 0, "unit": "", "min": 0, "max": 65535}, {"field": 9, "type": 7, "size": 1, "flags": 7, "name": "indexCount", "scale": 0, "unit": "", "min": 0, "max": 65535}, {"field": 10, "type": 7, "size": 1, "flags": 7, "name": "pointCount", "scale": 0, "unit": "", "min": 0, "max": 65535}, {"field": 11, "type": 8, "size": 1, "flags": 7, "name": "flags", "scale": 0, "unit": "", "min": 0, "max": 4294967295}, {"field": 12, "type": 7, "size": 1, "flags": 7, "name": "autoLandingRange", "scale": 0, "unit": "", "min": 0, "max": 65535}, {"field": 13, "type": 8, "size": 1, "flags": 7, "name": "autoFlightTime", "scale": 0, "unit": "", "min": 0, "max": 4294967295}, {"field": 14, "type": 7, "size": 1, "flags": 7, "name": "rtlPoint", "scale": 0, "unit": "", "min": 0, "max": 65535}, {"field": 15, "type": 6, "size": 1, "flags": 7, "name": "rtlCharge", "scale": 0, "unit": "", "min": 0, "max": 255}, {"field": 16, "type": 7, "size": 1, "flags": 7, "name": "rtlVoltage", "scale": 0, "unit": "", "min": 0, "max": 65535}, {"field": 17, "type": 0, "size": 1, "flags": 7, "name": "groundSpeedHold", "scale": 0, "unit": "", "min": false, "max": true}, {"field": 18, "type": 8, "size": 1, "flags": 7, "name": "flyingTotalTime", "scale": 0, "unit": "", "min": 0, "max": 4294967295}, {"field": 19, "type": 4, "size": 1, "flags": 7, "name": "homeAltitude", "scale": 0, "unit": "", "min": -2147483648, "max": 2147483647}, {"field": 20, "type": 4, "size": 1, "flags": 7, "name": "landingAltitude", "scale": 0, "unit": "", "min": -2147483648, "max": 2147483647}, {"field": 21, "type": 6, "size": 1, "flags": 7, "name": "event", "scale": 0, "unit": "", "min": 0, "max": 255}], "files": [{"file": 0, "status": 3}, {"file": 1, "status": 3}, {"file": 2, "status": 3}]}