{"fields": [{"field": 0, "type": 0, "size": 1, "flags": 7, "name": "verbose", "scale": 0, "unit": "", "min": false, "max": true}, {"field": 1, "type": 0, "size": 1, "flags": 7, "name": "magEnabled", "scale": 0, "unit": "", "min": false, "max": true}, {"field": 2, "type": 3, "size": 1, "flags": 7, "name": "magDeclination", "scale": 0, "unit": "", "min": -32768, "max": 32767}, {"field": 3, "type": 4, "size": 1, "flags": 7, "name": "altitudeOffset", "scale": 0, "unit": "", "min": -2147483648, "max": 2147483647}, {"field": 4, "type": 3, "size": 1, "flags": 7, "name": "magX", "scale": 0, "unit": "", "min": -32768, "max": 32767}, {"field": 5, "type": 3, "size": 1, "flags": 7, "name": "magY", "scale": 0, "unit": "", "min": -32768, "max": 32767}, {"field": 6, "type": 3, "size": 1, "flags": 7, "name": "magZ", "scale": 0, "unit": "", "min": -32768, "max": 32767}, {"field": 7, "type": 3, "size": 1, "flags": 7, "name": "accelX", "scale": 0, "unit": "", "min": -32768, "max": 32767}, {"field": 8, "type": 3, "size": 1, "flags": 7, "name": "accelY", "scale": 0, "unit": "", "min": -32768, "max": 32767}, {"field": 9, "type": 3, "size": 1, "flags": 7, "name": "accelZ", "scale": 0, "unit": "", "min": -32768, "max": 32767}, {"field": 10, "type": 4, "size": 1, "flags": 7, "name": "pressure", "scale": 0, "unit": "", "min": -2147483648, "max": 2147483647}, {"field": 11, "type": 4, "size": 1, "flags": 7, "name": "diffPressure", "scale": 0, "unit": "", "min": -2147483648, "max": 2147483647}, {"field": 12, "type": 8, "size": 1, "flags": 7, "name": "groundPressure", "scale": 0, "unit": "", "min": 0, "max": 4294967295}, {"field": 13, "type": 8, "size": 1, "flags": 7, "name": "sensorCommand", "scale": 0, "unit": "", "min": 0, "max": 4294967295}, {"field": 14, "type": 8, "size": 1, "flags": 7, "name": "flags", "scale": 0, "unit": "", "min": 0, "max": 4294967295}, {"field": 15, "type": 4, "size": 1, "flags": 7, "name": "gyroX", "scale": 0, "unit": "", "min": -2147483648, "max": 2147483647}, {"field": 16, "type": 4, "size": 1, "flags": 7, "name": "gyroY", "scale": 0, "unit": "", "min": -2147483648, "max": 2147483647}, {"field": 17, "type": 4, "size": 1, "flags": 7, "name": "gyroZ", "scale": 0, "unit": "", "min": -2147483648, "max": 2147483647}, {"field": 18, "type": 3, "size": 1, "flags": 7, "name": "mag2X", "scale": 0, "unit": "", "min": -32768, "max": 32767}, {"field": 19, "type": 3, "size": 1, "flags": 7, "name": "mag2Y", "scale": 0, "unit": "", "min": -32768, "max": 32767}, {"field": 20, "type": 3, "size": 1, "flags": 7, "name": "mag2Z", "scale": 0, "unit": "", "min": -32768, "max": 32767}, {"field": 21, "type": 3, "size": 1, "flags": 7, "name": "imuTemperature", "scale": 0, "unit": "", "min": -32768, "max": 32767}, {"field": 22, "type": 0, "size": 1, "flags": 7, "name": "gyroCalibEnabled", "scale": 0, "unit": "", "min": false, "max": true}, {"field": 23, "type": 3, "size": 1, "flags": 7, "name": "accelSampleX", "scale": 0, "unit": "", "min": -32768, "max": 32767}, {"field": 24, "type": 3, "size": 1, "flags": 7, "name": "accelSampleY", "scale": 0, "unit": "", "min": -32768, "max": 32767}, {"field": 25, "type": 3, "size": 1, "flags": 7, "name": "accelSampleZ", "scale": 0, "unit": "", "min": -32768, "max": 32767}, {"field": 26, "type": 4, "size": 1, "flags": 7, "name": "gyroSampleX", "scale": 0, "unit": "", "min": -2147483648, "max": 2147483647}, {"field": 27, "type": 4, "size": 1, "flags": 7, "name": "gyroSampleY", "scale": 0, "unit": "", "min": -2147483648, "max": 2147483647}, {"field": 28, "type": 4, "size": 1, "flags": 7, "name": "gyroSampleZ", "scale": 0, "unit": "", "min": -2147483648, "max": 2147483647}, {"field": 29, "type": 7, "size": 1, "flags": 7, "name": "totalLogs", "scale": 0, "unit": "", "min": 0, "max": 65535}, {"field": 30, "type": 3, "size": 1, "flags": 7, "name": "optFlowX", "scale": 0, "unit": "", "min": -32768, "max": 32767}, {"field": 31, "type": 3, "size": 1, "flags": 7, "name": "optFlowY", "scale": 0, "unit": "", "min": -32768, "max": 32767}, {"field": 32, "type": 7, "size": 1, "flags": 7, "name": "optFlowRange", "scale": 0, "unit": "", "min": 0, "max": 65535}, {"field": 33, "type": 3, "size": 1, "flags": 7, "name": "airspeedCalibrated", "scale": 0, "unit": "", "min": -32768, "max": 32767}, {"field": 34, "type": 4, "size": 1, "flags": 7, "name": "groundPressureInt", "scale": 0, "unit": "", "min": -2147483648, "max": 2147483647}, {"field": 35, "type": 4, "size": 1, "flags": 7, "name": "groundPressureDelta", "scale": 0, "unit": "", "min": -2147483648, "max": 2147483647}, {"field": 36, "type": 4, "size": 1, "flags": 7, "name": "diffPressureDelta", "scale": 0, "unit": "", "min": -2147483648, "max": 2147483647}, {"field": 37, "type": 2, "size": 1, "flags": 7, "name": "motorTemp0", "scale": 0, "unit": "", "min": -128, "max": 127}, {"field": 38, "type": 2, "size": 1, "flags": 7, "name": "motorTemp1", "scale": 0, "unit": "", "min": -128, "max": 127}, {"field": 39, "type": 7, "size": 1, "flags": 7, "name": "magTolerance", "scale": 0, "unit": "", "min": 0, "max": 65535}], "files": [{"file": 1, "status": 3}]}