{"fields": [{"field": 0, "type": 3, "size": 1, "flags": 7, "name": "temperature", "scale": 0, "unit": "", "min": -32768, "max": 32767}, {"field": 1, "type": 3, "size": 1, "flags": 7, "name": "humidity", "scale": 0, "unit": "", "min": -32768, "max": 32767}, {"field": 2, "type": 3, "size": 1, "flags": 7, "name": "windAzimuth", "scale": 0, "unit": "", "min": -32768, "max": 32767}, {"field": 3, "type": 7, "size": 1, "flags": 7, "name": "windSpeed", "scale": 0, "unit": "", "min": 0, "max": 65535}], "files": []}